quartier_id,quartier_name,commune_name,source,source_url,collected_at
https://databrussels.be/id/monitoringdistrict/1,FLAGEY - MALIBRAN,Ixelles,ibsa,https://opendata.brussels.be/api/explore/v2.1/catalog/datasets/quartiers-du-monitoring-des-quartiers-ibsa-perspective-rbc/exports/csv,2026-07-01T13:02:47+00:00
https://databrussels.be/id/monitoringdistrict/10,BOIS DE LA CAMBRE,Bruxelles,ibsa,https://opendata.brussels.be/api/explore/v2.1/catalog/datasets/quartiers-du-monitoring-des-quartiers-ibsa-perspective-rbc/exports/csv,2026-07-01T13:02:47+00:00
https://databrussels.be/id/monitoringdistrict/100,CUREGHEM VETERINAIRE,Anderlecht,ibsa,https://opendata.brussels.be/api/explore/v2.1/catalog/datasets/quartiers-du-monitoring-des-quartiers-ibsa-perspective-rbc/exports/csv,2026-07-01T13:02:47+00:00
https://databrussels.be/id/monitoringdistrict/101,CHAUSSEE DE WAVRE - SAINT-JULIEN,Ixelles,ibsa,https://opendata.brussels.be/api/explore/v2.1/catalog/datasets/quartiers-du-monitoring-des-quartiers-ibsa-perspective-rbc/exports/csv,2026-07-01T13:02:47+00:00
https://databrussels.be/id/monitoringdistrict/102,UNIVERSITE,Ixelles,ibsa,https://opendata.brussels.be/api/explore/v2.1/catalog/datasets/quartiers-du-monitoring-des-quartiers-ibsa-perspective-rbc/exports/csv,2026-07-01T13:02:47+00:00
https://databrussels.be/id/monitoringdistrict/103,DELTA,Ixelles,ibsa,https://opendata.brussels.be/api/explore/v2.1/catalog/datasets/quartiers-du-monitoring-des-quartiers-ibsa-perspective-rbc/exports/csv,2026-07-01T13:02:47+00:00
https://databrussels.be/id/monitoringdistrict/104,GEORGES HENRI,Saint-Josse-ten-Noode,ibsa,https://opendata.brussels.be/api/explore/v2.1/catalog/datasets/quartiers-du-monitoring-des-quartiers-ibsa-perspective-rbc/exports/csv,2026-07-01T13:02:47+00:00
https://databrussels.be/id/monitoringdistrict/105,ROODEBEEK - CONSTELLATIONS,Saint-Josse-ten-Noode,ibsa,https://opendata.brussels.be/api/explore/v2.1/catalog/datasets/quartiers-du-monitoring-des-quartiers-ibsa-perspective-rbc/exports/csv,2026-07-01T13:02:47+00:00
https://databrussels.be/id/monitoringdistrict/106,VAL D'OR,Saint-Josse-ten-Noode,ibsa,https://opendata.brussels.be/api/explore/v2.1/catalog/datasets/quartiers-du-monitoring-des-quartiers-ibsa-perspective-rbc/exports/csv,2026-07-01T13:02:47+00:00
https://databrussels.be/id/monitoringdistrict/107,KAPELLEVELD,Saint-Josse-ten-Noode,ibsa,https://opendata.brussels.be/api/explore/v2.1/catalog/datasets/quartiers-du-monitoring-des-quartiers-ibsa-perspective-rbc/exports/csv,2026-07-01T13:02:47+00:00
https://databrussels.be/id/monitoringdistrict/108,SAINT-DENIS - NEERSTALLE,Uccle,ibsa,https://opendata.brussels.be/api/explore/v2.1/catalog/datasets/quartiers-du-monitoring-des-quartiers-ibsa-perspective-rbc/exports/csv,2026-07-01T13:02:47+00:00
https://databrussels.be/id/monitoringdistrict/109,INDUSTRIE SUD,Uccle,ibsa,https://opendata.brussels.be/api/explore/v2.1/catalog/datasets/quartiers-du-monitoring-des-quartiers-ibsa-perspective-rbc/exports/csv,2026-07-01T13:02:47+00:00
https://databrussels.be/id/monitoringdistrict/11,PARC ASTRID,Anderlecht,ibsa,https://opendata.brussels.be/api/explore/v2.1/catalog/datasets/quartiers-du-monitoring-des-quartiers-ibsa-perspective-rbc/exports/csv,2026-07-01T13:02:47+00:00
https://databrussels.be/id/monitoringdistrict/110,MAROLLES,Bruxelles,ibsa,https://opendata.brussels.be/api/explore/v2.1/catalog/datasets/quartiers-du-monitoring-des-quartiers-ibsa-perspective-rbc/exports/csv,2026-07-01T13:02:47+00:00
https://databrussels.be/id/monitoringdistrict/111,NEERPEDE,Anderlecht,ibsa,https://opendata.brussels.be/api/explore/v2.1/catalog/datasets/quartiers-du-monitoring-des-quartiers-ibsa-perspective-rbc/exports/csv,2026-07-01T13:02:47+00:00
https://databrussels.be/id/monitoringdistrict/112,SCHERDEMAEL,Anderlecht,ibsa,https://opendata.brussels.be/api/explore/v2.1/catalog/datasets/quartiers-du-monitoring-des-quartiers-ibsa-perspective-rbc/exports/csv,2026-07-01T13:02:47+00:00
https://databrussels.be/id/monitoringdistrict/113,PARC DES ETANGS,Anderlecht,ibsa,https://opendata.brussels.be/api/explore/v2.1/catalog/datasets/quartiers-du-monitoring-des-quartiers-ibsa-perspective-rbc/exports/csv,2026-07-01T13:02:47+00:00
https://databrussels.be/id/monitoringdistrict/114,GRAND PLACE,Bruxelles,ibsa,https://opendata.brussels.be/api/explore/v2.1/catalog/datasets/quartiers-du-monitoring-des-quartiers-ibsa-perspective-rbc/exports/csv,2026-07-01T13:02:47+00:00
https://databrussels.be/id/monitoringdistrict/115,QUARTIER ROYAL,Bruxelles,ibsa,https://opendata.brussels.be/api/explore/v2.1/catalog/datasets/quartiers-du-monitoring-des-quartiers-ibsa-perspective-rbc/exports/csv,2026-07-01T13:02:47+00:00
https://databrussels.be/id/monitoringdistrict/116,OBSERVATOIRE,Uccle,ibsa,https://opendata.brussels.be/api/explore/v2.1/catalog/datasets/quartiers-du-monitoring-des-quartiers-ibsa-perspective-rbc/exports/csv,2026-07-01T13:02:47+00:00
https://databrussels.be/id/monitoringdistrict/117,PARC WOLVENDAEL,Uccle,ibsa,https://opendata.brussels.be/api/explore/v2.1/catalog/datasets/quartiers-du-monitoring-des-quartiers-ibsa-perspective-rbc/exports/csv,2026-07-01T13:02:47+00:00
https://databrussels.be/id/monitoringdistrict/118,VIVIER D'OIE,Uccle,ibsa,https://opendata.brussels.be/api/explore/v2.1/catalog/datasets/quartiers-du-monitoring-des-quartiers-ibsa-perspective-rbc/exports/csv,2026-07-01T13:02:47+00:00
https://databrussels.be/id/monitoringdistrict/119,SAINT-JOB KAUWBERG,Uccle,ibsa,https://opendata.brussels.be/api/explore/v2.1/catalog/datasets/quartiers-du-monitoring-des-quartiers-ibsa-perspective-rbc/exports/csv,2026-07-01T13:02:47+00:00
https://databrussels.be/id/monitoringdistrict/12,PARC FORESTIER,Anderlecht,ibsa,https://opendata.brussels.be/api/explore/v2.1/catalog/datasets/quartiers-du-monitoring-des-quartiers-ibsa-perspective-rbc/exports/csv,2026-07-01T13:02:47+00:00
https://databrussels.be/id/monitoringdistrict/120,CUREGHEM BARA,Anderlecht,ibsa,https://opendata.brussels.be/api/explore/v2.1/catalog/datasets/quartiers-du-monitoring-des-quartiers-ibsa-perspective-rbc/exports/csv,2026-07-01T13:02:47+00:00
https://databrussels.be/id/monitoringdistrict/121,GARE DU MIDI,Saint-Gilles,ibsa,https://opendata.brussels.be/api/explore/v2.1/catalog/datasets/quartiers-du-monitoring-des-quartiers-ibsa-perspective-rbc/exports/csv,2026-07-01T13:02:47+00:00
https://databrussels.be/id/monitoringdistrict/122,KALEVOET - MOENSBERG,Uccle,ibsa,https://opendata.brussels.be/api/explore/v2.1/catalog/datasets/quartiers-du-monitoring-des-quartiers-ibsa-perspective-rbc/exports/csv,2026-07-01T13:02:47+00:00
https://databrussels.be/id/monitoringdistrict/123,VIEUX LAEKEN OUEST,Bruxelles,ibsa,https://opendata.brussels.be/api/explore/v2.1/catalog/datasets/quartiers-du-monitoring-des-quartiers-ibsa-perspective-rbc/exports/csv,2026-07-01T13:02:47+00:00
https://databrussels.be/id/monitoringdistrict/124,SAINT-JOSSE CENTRE,Saint-Josse-ten-Noode,ibsa,https://opendata.brussels.be/api/explore/v2.1/catalog/datasets/quartiers-du-monitoring-des-quartiers-ibsa-perspective-rbc/exports/csv,2026-07-01T13:02:47+00:00
https://databrussels.be/id/monitoringdistrict/125,DAILLY,Schaerbeek,ibsa,https://opendata.brussels.be/api/explore/v2.1/catalog/datasets/quartiers-du-monitoring-des-quartiers-ibsa-perspective-rbc/exports/csv,2026-07-01T13:02:47+00:00
https://databrussels.be/id/monitoringdistrict/126,STALINGRAD,Bruxelles,ibsa,https://opendata.brussels.be/api/explore/v2.1/catalog/datasets/quartiers-du-monitoring-des-quartiers-ibsa-perspective-rbc/exports/csv,2026-07-01T13:02:47+00:00
https://databrussels.be/id/monitoringdistrict/127,MOLENBEEK HISTORIQUE,Molenbeek-Saint-Jean,ibsa,https://opendata.brussels.be/api/explore/v2.1/catalog/datasets/quartiers-du-monitoring-des-quartiers-ibsa-perspective-rbc/exports/csv,2026-07-01T13:02:47+00:00
https://databrussels.be/id/monitoringdistrict/128,KOEKELBERG,Molenbeek-Saint-Jean,ibsa,https://opendata.brussels.be/api/explore/v2.1/catalog/datasets/quartiers-du-monitoring-des-quartiers-ibsa-perspective-rbc/exports/csv,2026-07-01T13:02:47+00:00
https://databrussels.be/id/monitoringdistrict/129,KORENBEEK,Anderlecht,ibsa,https://opendata.brussels.be/api/explore/v2.1/catalog/datasets/quartiers-du-monitoring-des-quartiers-ibsa-perspective-rbc/exports/csv,2026-07-01T13:02:47+00:00
https://databrussels.be/id/monitoringdistrict/13,PARC ELISABETH,Molenbeek-Saint-Jean,ibsa,https://opendata.brussels.be/api/explore/v2.1/catalog/datasets/quartiers-du-monitoring-des-quartiers-ibsa-perspective-rbc/exports/csv,2026-07-01T13:02:47+00:00
https://databrussels.be/id/monitoringdistrict/130,POTAARDE,Anderlecht,ibsa,https://opendata.brussels.be/api/explore/v2.1/catalog/datasets/quartiers-du-monitoring-des-quartiers-ibsa-perspective-rbc/exports/csv,2026-07-01T13:02:47+00:00
https://databrussels.be/id/monitoringdistrict/131,VILLAS DE GANSHOREN,Molenbeek-Saint-Jean,ibsa,https://opendata.brussels.be/api/explore/v2.1/catalog/datasets/quartiers-du-monitoring-des-quartiers-ibsa-perspective-rbc/exports/csv,2026-07-01T13:02:47+00:00
https://databrussels.be/id/monitoringdistrict/132,REYERS,Schaerbeek,ibsa,https://opendata.brussels.be/api/explore/v2.1/catalog/datasets/quartiers-du-monitoring-des-quartiers-ibsa-perspective-rbc/exports/csv,2026-07-01T13:02:47+00:00
https://databrussels.be/id/monitoringdistrict/133,GRIBAUMONT,Saint-Josse-ten-Noode,ibsa,https://opendata.brussels.be/api/explore/v2.1/catalog/datasets/quartiers-du-monitoring-des-quartiers-ibsa-perspective-rbc/exports/csv,2026-07-01T13:02:47+00:00
https://databrussels.be/id/monitoringdistrict/134,BOULEVARD DE LA WOLUWE,Saint-Josse-ten-Noode,ibsa,https://opendata.brussels.be/api/explore/v2.1/catalog/datasets/quartiers-du-monitoring-des-quartiers-ibsa-perspective-rbc/exports/csv,2026-07-01T13:02:47+00:00
https://databrussels.be/id/monitoringdistrict/135,STOCKEL,Saint-Josse-ten-Noode,ibsa,https://opendata.brussels.be/api/explore/v2.1/catalog/datasets/quartiers-du-monitoring-des-quartiers-ibsa-perspective-rbc/exports/csv,2026-07-01T13:02:47+00:00
https://databrussels.be/id/monitoringdistrict/136,JOSAPHAT,Schaerbeek,ibsa,https://opendata.brussels.be/api/explore/v2.1/catalog/datasets/quartiers-du-monitoring-des-quartiers-ibsa-perspective-rbc/exports/csv,2026-07-01T13:02:47+00:00
https://databrussels.be/id/monitoringdistrict/137,PLASKY,Schaerbeek,ibsa,https://opendata.brussels.be/api/explore/v2.1/catalog/datasets/quartiers-du-monitoring-des-quartiers-ibsa-perspective-rbc/exports/csv,2026-07-01T13:02:47+00:00
https://databrussels.be/id/monitoringdistrict/138,SQUARES,Bruxelles,ibsa,https://opendata.brussels.be/api/explore/v2.1/catalog/datasets/quartiers-du-monitoring-des-quartiers-ibsa-perspective-rbc/exports/csv,2026-07-01T13:02:47+00:00
https://databrussels.be/id/monitoringdistrict/139,PORTE TERVUEREN,Saint-Josse-ten-Noode,ibsa,https://opendata.brussels.be/api/explore/v2.1/catalog/datasets/quartiers-du-monitoring-des-quartiers-ibsa-perspective-rbc/exports/csv,2026-07-01T13:02:47+00:00
https://databrussels.be/id/monitoringdistrict/14,BOITSFORT CENTRE,Ixelles,ibsa,https://opendata.brussels.be/api/explore/v2.1/catalog/datasets/quartiers-du-monitoring-des-quartiers-ibsa-perspective-rbc/exports/csv,2026-07-01T13:02:47+00:00
https://databrussels.be/id/monitoringdistrict/140,SAINT-MICHEL,Saint-Josse-ten-Noode,ibsa,https://opendata.brussels.be/api/explore/v2.1/catalog/datasets/quartiers-du-monitoring-des-quartiers-ibsa-perspective-rbc/exports/csv,2026-07-01T13:02:47+00:00
https://databrussels.be/id/monitoringdistrict/141,SAINT-PIERRE,Saint-Josse-ten-Noode,ibsa,https://opendata.brussels.be/api/explore/v2.1/catalog/datasets/quartiers-du-monitoring-des-quartiers-ibsa-perspective-rbc/exports/csv,2026-07-01T13:02:47+00:00
https://databrussels.be/id/monitoringdistrict/142,DANSAERT,Bruxelles,ibsa,https://opendata.brussels.be/api/explore/v2.1/catalog/datasets/quartiers-du-monitoring-des-quartiers-ibsa-perspective-rbc/exports/csv,2026-07-01T13:02:47+00:00
https://databrussels.be/id/monitoringdistrict/143,BEGUINAGE - DIXMUDE,Bruxelles,ibsa,https://opendata.brussels.be/api/explore/v2.1/catalog/datasets/quartiers-du-monitoring-des-quartiers-ibsa-perspective-rbc/exports/csv,2026-07-01T13:02:47+00:00
https://databrussels.be/id/monitoringdistrict/144,MARTYRS,Bruxelles,ibsa,https://opendata.brussels.be/api/explore/v2.1/catalog/datasets/quartiers-du-monitoring-des-quartiers-ibsa-perspective-rbc/exports/csv,2026-07-01T13:02:47+00:00
https://databrussels.be/id/monitoringdistrict/145,NOTRE-DAME AUX NEIGES,Bruxelles,ibsa,https://opendata.brussels.be/api/explore/v2.1/catalog/datasets/quartiers-du-monitoring-des-quartiers-ibsa-perspective-rbc/exports/csv,2026-07-01T13:02:47+00:00
https://databrussels.be/id/monitoringdistrict/15,DRIES,Ixelles,ibsa,https://opendata.brussels.be/api/explore/v2.1/catalog/datasets/quartiers-du-monitoring-des-quartiers-ibsa-perspective-rbc/exports/csv,2026-07-01T13:02:47+00:00
https://databrussels.be/id/monitoringdistrict/16,BOONDAEL,Ixelles,ibsa,https://opendata.brussels.be/api/explore/v2.1/catalog/datasets/quartiers-du-monitoring-des-quartiers-ibsa-perspective-rbc/exports/csv,2026-07-01T13:02:47+00:00
https://databrussels.be/id/monitoringdistrict/17,BERCKMANS - HOTEL DES MONNAIES,Saint-Gilles,ibsa,https://opendata.brussels.be/api/explore/v2.1/catalog/datasets/quartiers-du-monitoring-des-quartiers-ibsa-perspective-rbc/exports/csv,2026-07-01T13:02:47+00:00
https://databrussels.be/id/monitoringdistrict/18,BRUGMANN - LEPOUTRE,Ixelles,ibsa,https://opendata.brussels.be/api/explore/v2.1/catalog/datasets/quartiers-du-monitoring-des-quartiers-ibsa-perspective-rbc/exports/csv,2026-07-01T13:02:47+00:00
https://databrussels.be/id/monitoringdistrict/19,CHURCHILL,Uccle,ibsa,https://opendata.brussels.be/api/explore/v2.1/catalog/datasets/quartiers-du-monitoring-des-quartiers-ibsa-perspective-rbc/exports/csv,2026-07-01T13:02:47+00:00
https://databrussels.be/id/monitoringdistrict/2,HOPITAL ETTERBEEK - IXELLES,Ixelles,ibsa,https://opendata.brussels.be/api/explore/v2.1/catalog/datasets/quartiers-du-monitoring-des-quartiers-ibsa-perspective-rbc/exports/csv,2026-07-01T13:02:47+00:00
https://databrussels.be/id/monitoringdistrict/20,MOLIERE - LONGCHAMP,Uccle,ibsa,https://opendata.brussels.be/api/explore/v2.1/catalog/datasets/quartiers-du-monitoring-des-quartiers-ibsa-perspective-rbc/exports/csv,2026-07-01T13:02:47+00:00
https://databrussels.be/id/monitoringdistrict/21,HAUT SAINT-GILLES,Saint-Gilles,ibsa,https://opendata.brussels.be/api/explore/v2.1/catalog/datasets/quartiers-du-monitoring-des-quartiers-ibsa-perspective-rbc/exports/csv,2026-07-01T13:02:47+00:00
https://databrussels.be/id/monitoringdistrict/22,BON AIR,Anderlecht,ibsa,https://opendata.brussels.be/api/explore/v2.1/catalog/datasets/quartiers-du-monitoring-des-quartiers-ibsa-perspective-rbc/exports/csv,2026-07-01T13:02:47+00:00
https://databrussels.be/id/monitoringdistrict/23,BUFFON,Anderlecht,ibsa,https://opendata.brussels.be/api/explore/v2.1/catalog/datasets/quartiers-du-monitoring-des-quartiers-ibsa-perspective-rbc/exports/csv,2026-07-01T13:02:47+00:00
https://databrussels.be/id/monitoringdistrict/24,HOPITAL FRANCAIS,Molenbeek-Saint-Jean,ibsa,https://opendata.brussels.be/api/explore/v2.1/catalog/datasets/quartiers-du-monitoring-des-quartiers-ibsa-perspective-rbc/exports/csv,2026-07-01T13:02:47+00:00
https://databrussels.be/id/monitoringdistrict/25,MONTJOIE - LANGEVELD,Uccle,ibsa,https://opendata.brussels.be/api/explore/v2.1/catalog/datasets/quartiers-du-monitoring-des-quartiers-ibsa-perspective-rbc/exports/csv,2026-07-01T13:02:47+00:00
https://databrussels.be/id/monitoringdistrict/26,FORT JACO,Uccle,ibsa,https://opendata.brussels.be/api/explore/v2.1/catalog/datasets/quartiers-du-monitoring-des-quartiers-ibsa-perspective-rbc/exports/csv,2026-07-01T13:02:47+00:00
https://databrussels.be/id/monitoringdistrict/27,KRIEKENPUT - HOMBORCH - VERREWINKEL,Uccle,ibsa,https://opendata.brussels.be/api/explore/v2.1/catalog/datasets/quartiers-du-monitoring-des-quartiers-ibsa-perspective-rbc/exports/csv,2026-07-01T13:02:47+00:00
https://databrussels.be/id/monitoringdistrict/28,GLOBE,Uccle,ibsa,https://opendata.brussels.be/api/explore/v2.1/catalog/datasets/quartiers-du-monitoring-des-quartiers-ibsa-perspective-rbc/exports/csv,2026-07-01T13:02:47+00:00
https://databrussels.be/id/monitoringdistrict/29,VOSSEGAT - ROOSENDAAL,Uccle,ibsa,https://opendata.brussels.be/api/explore/v2.1/catalog/datasets/quartiers-du-monitoring-des-quartiers-ibsa-perspective-rbc/exports/csv,2026-07-01T13:02:47+00:00
https://databrussels.be/id/monitoringdistrict/291,COLIGNON,Schaerbeek,ibsa,https://opendata.brussels.be/api/explore/v2.1/catalog/datasets/quartiers-du-monitoring-des-quartiers-ibsa-perspective-rbc/exports/csv,2026-07-01T13:02:47+00:00
https://databrussels.be/id/monitoringdistrict/3,LOUISE - LONGUE HAIE,Ixelles,ibsa,https://opendata.brussels.be/api/explore/v2.1/catalog/datasets/quartiers-du-monitoring-des-quartiers-ibsa-perspective-rbc/exports/csv,2026-07-01T13:02:47+00:00
https://databrussels.be/id/monitoringdistrict/30,CIMETIERE D'IXELLES,Ixelles,ibsa,https://opendata.brussels.be/api/explore/v2.1/catalog/datasets/quartiers-du-monitoring-des-quartiers-ibsa-perspective-rbc/exports/csv,2026-07-01T13:02:47+00:00
https://databrussels.be/id/monitoringdistrict/31,CIMETIERE SAINT-GILLES,Uccle,ibsa,https://opendata.brussels.be/api/explore/v2.1/catalog/datasets/quartiers-du-monitoring-des-quartiers-ibsa-perspective-rbc/exports/csv,2026-07-01T13:02:47+00:00
https://databrussels.be/id/monitoringdistrict/32,CINQUANTENAIRE,Bruxelles,ibsa,https://opendata.brussels.be/api/explore/v2.1/catalog/datasets/quartiers-du-monitoring-des-quartiers-ibsa-perspective-rbc/exports/csv,2026-07-01T13:02:47+00:00
https://databrussels.be/id/monitoringdistrict/33,CHANT D'OISEAU,Saint-Josse-ten-Noode,ibsa,https://opendata.brussels.be/api/explore/v2.1/catalog/datasets/quartiers-du-monitoring-des-quartiers-ibsa-perspective-rbc/exports/csv,2026-07-01T13:02:47+00:00
https://databrussels.be/id/monitoringdistrict/34,BAS FOREST,Uccle,ibsa,https://opendata.brussels.be/api/explore/v2.1/catalog/datasets/quartiers-du-monitoring-des-quartiers-ibsa-perspective-rbc/exports/csv,2026-07-01T13:02:47+00:00
https://databrussels.be/id/monitoringdistrict/35,TROIS TILLEULS,Ixelles,ibsa,https://opendata.brussels.be/api/explore/v2.1/catalog/datasets/quartiers-du-monitoring-des-quartiers-ibsa-perspective-rbc/exports/csv,2026-07-01T13:02:47+00:00
https://databrussels.be/id/monitoringdistrict/36,WATERMAEL CENTRE,Ixelles,ibsa,https://opendata.brussels.be/api/explore/v2.1/catalog/datasets/quartiers-du-monitoring-des-quartiers-ibsa-perspective-rbc/exports/csv,2026-07-01T13:02:47+00:00
https://databrussels.be/id/monitoringdistrict/37,SAINTE-ALIX  - JOLI BOIS,Saint-Josse-ten-Noode,ibsa,https://opendata.brussels.be/api/explore/v2.1/catalog/datasets/quartiers-du-monitoring-des-quartiers-ibsa-perspective-rbc/exports/csv,2026-07-01T13:02:47+00:00
https://databrussels.be/id/monitoringdistrict/38,SAINT-PAUL,Saint-Josse-ten-Noode,ibsa,https://opendata.brussels.be/api/explore/v2.1/catalog/datasets/quartiers-du-monitoring-des-quartiers-ibsa-perspective-rbc/exports/csv,2026-07-01T13:02:47+00:00
https://databrussels.be/id/monitoringdistrict/39,TRANSVAAL,Ixelles,ibsa,https://opendata.brussels.be/api/explore/v2.1/catalog/datasets/quartiers-du-monitoring-des-quartiers-ibsa-perspective-rbc/exports/csv,2026-07-01T13:02:47+00:00
https://databrussels.be/id/monitoringdistrict/4,GARE DE L'OUEST,Molenbeek-Saint-Jean,ibsa,https://opendata.brussels.be/api/explore/v2.1/catalog/datasets/quartiers-du-monitoring-des-quartiers-ibsa-perspective-rbc/exports/csv,2026-07-01T13:02:47+00:00
https://databrussels.be/id/monitoringdistrict/40,CHASSE,Saint-Josse-ten-Noode,ibsa,https://opendata.brussels.be/api/explore/v2.1/catalog/datasets/quartiers-du-monitoring-des-quartiers-ibsa-perspective-rbc/exports/csv,2026-07-01T13:02:47+00:00
https://databrussels.be/id/monitoringdistrict/41,JOURDAN,Saint-Josse-ten-Noode,ibsa,https://opendata.brussels.be/api/explore/v2.1/catalog/datasets/quartiers-du-monitoring-des-quartiers-ibsa-perspective-rbc/exports/csv,2026-07-01T13:02:47+00:00
https://databrussels.be/id/monitoringdistrict/42,QUARTIER EUROPEEN,Bruxelles,ibsa,https://opendata.brussels.be/api/explore/v2.1/catalog/datasets/quartiers-du-monitoring-des-quartiers-ibsa-perspective-rbc/exports/csv,2026-07-01T13:02:47+00:00
https://databrussels.be/id/monitoringdistrict/43,HEEMBEEK,Bruxelles,ibsa,https://opendata.brussels.be/api/explore/v2.1/catalog/datasets/quartiers-du-monitoring-des-quartiers-ibsa-perspective-rbc/exports/csv,2026-07-01T13:02:47+00:00
https://databrussels.be/id/monitoringdistrict/44,HAREN,Bruxelles,ibsa,https://opendata.brussels.be/api/explore/v2.1/catalog/datasets/quartiers-du-monitoring-des-quartiers-ibsa-perspective-rbc/exports/csv,2026-07-01T13:02:47+00:00
https://databrussels.be/id/monitoringdistrict/45,GARE DE SCHAERBEEK,Schaerbeek,ibsa,https://opendata.brussels.be/api/explore/v2.1/catalog/datasets/quartiers-du-monitoring-des-quartiers-ibsa-perspective-rbc/exports/csv,2026-07-01T13:02:47+00:00
https://databrussels.be/id/monitoringdistrict/46,AUDERGHEM CENTRE,Ixelles,ibsa,https://opendata.brussels.be/api/explore/v2.1/catalog/datasets/quartiers-du-monitoring-des-quartiers-ibsa-perspective-rbc/exports/csv,2026-07-01T13:02:47+00:00
https://databrussels.be/id/monitoringdistrict/47,WOESTE,Molenbeek-Saint-Jean,ibsa,https://opendata.brussels.be/api/explore/v2.1/catalog/datasets/quartiers-du-monitoring-des-quartiers-ibsa-perspective-rbc/exports/csv,2026-07-01T13:02:47+00:00
https://databrussels.be/id/monitoringdistrict/48,JETTE CENTRE,Molenbeek-Saint-Jean,ibsa,https://opendata.brussels.be/api/explore/v2.1/catalog/datasets/quartiers-du-monitoring-des-quartiers-ibsa-perspective-rbc/exports/csv,2026-07-01T13:02:47+00:00
https://databrussels.be/id/monitoringdistrict/49,PARC BAUDOUIN - DIELEGEMBOS,Molenbeek-Saint-Jean,ibsa,https://opendata.brussels.be/api/explore/v2.1/catalog/datasets/quartiers-du-monitoring-des-quartiers-ibsa-perspective-rbc/exports/csv,2026-07-01T13:02:47+00:00
https://databrussels.be/id/monitoringdistrict/5,KARREVELD,Molenbeek-Saint-Jean,ibsa,https://opendata.brussels.be/api/explore/v2.1/catalog/datasets/quartiers-du-monitoring-des-quartiers-ibsa-perspective-rbc/exports/csv,2026-07-01T13:02:47+00:00
https://databrussels.be/id/monitoringdistrict/50,PORTE DE HAL,Saint-Gilles,ibsa,https://opendata.brussels.be/api/explore/v2.1/catalog/datasets/quartiers-du-monitoring-des-quartiers-ibsa-perspective-rbc/exports/csv,2026-07-01T13:02:47+00:00
https://databrussels.be/id/monitoringdistrict/51,BOSNIE,Saint-Gilles,ibsa,https://opendata.brussels.be/api/explore/v2.1/catalog/datasets/quartiers-du-monitoring-des-quartiers-ibsa-perspective-rbc/exports/csv,2026-07-01T13:02:47+00:00
https://databrussels.be/id/monitoringdistrict/52,MUTSAARD,Bruxelles,ibsa,https://opendata.brussels.be/api/explore/v2.1/catalog/datasets/quartiers-du-monitoring-des-quartiers-ibsa-perspective-rbc/exports/csv,2026-07-01T13:02:47+00:00
https://databrussels.be/id/monitoringdistrict/53,CONSCIENCE,Schaerbeek,ibsa,https://opendata.brussels.be/api/explore/v2.1/catalog/datasets/quartiers-du-monitoring-des-quartiers-ibsa-perspective-rbc/exports/csv,2026-07-01T13:02:47+00:00
https://databrussels.be/id/monitoringdistrict/54,HELMET,Schaerbeek,ibsa,https://opendata.brussels.be/api/explore/v2.1/catalog/datasets/quartiers-du-monitoring-des-quartiers-ibsa-perspective-rbc/exports/csv,2026-07-01T13:02:47+00:00
https://databrussels.be/id/monitoringdistrict/55,TERDELT,Schaerbeek,ibsa,https://opendata.brussels.be/api/explore/v2.1/catalog/datasets/quartiers-du-monitoring-des-quartiers-ibsa-perspective-rbc/exports/csv,2026-07-01T13:02:47+00:00
https://databrussels.be/id/monitoringdistrict/57,CHAUSSEE DE HAECHT,Schaerbeek,ibsa,https://opendata.brussels.be/api/explore/v2.1/catalog/datasets/quartiers-du-monitoring-des-quartiers-ibsa-perspective-rbc/exports/csv,2026-07-01T13:02:47+00:00
https://databrussels.be/id/monitoringdistrict/58,PARC JOSAPHAT,Schaerbeek,ibsa,https://opendata.brussels.be/api/explore/v2.1/catalog/datasets/quartiers-du-monitoring-des-quartiers-ibsa-perspective-rbc/exports/csv,2026-07-01T13:02:47+00:00
https://databrussels.be/id/monitoringdistrict/59,CIMETIERE DE BRUXELLES,Schaerbeek,ibsa,https://opendata.brussels.be/api/explore/v2.1/catalog/datasets/quartiers-du-monitoring-des-quartiers-ibsa-perspective-rbc/exports/csv,2026-07-01T13:02:47+00:00
https://databrussels.be/id/monitoringdistrict/6,PARC MARIE-JOSE,Molenbeek-Saint-Jean,ibsa,https://opendata.brussels.be/api/explore/v2.1/catalog/datasets/quartiers-du-monitoring-des-quartiers-ibsa-perspective-rbc/exports/csv,2026-07-01T13:02:47+00:00
https://databrussels.be/id/monitoringdistrict/60,DOMAINE ROYAL LAEKEN,Bruxelles,ibsa,https://opendata.brussels.be/api/explore/v2.1/catalog/datasets/quartiers-du-monitoring-des-quartiers-ibsa-perspective-rbc/exports/csv,2026-07-01T13:02:47+00:00
https://databrussels.be/id/monitoringdistrict/61,HEYMBOSCH - AZ-JETTE,Molenbeek-Saint-Jean,ibsa,https://opendata.brussels.be/api/explore/v2.1/catalog/datasets/quartiers-du-monitoring-des-quartiers-ibsa-perspective-rbc/exports/csv,2026-07-01T13:02:47+00:00
https://databrussels.be/id/monitoringdistrict/62,BOIS DU LAARBEEK - POELBOS,Molenbeek-Saint-Jean,ibsa,https://opendata.brussels.be/api/explore/v2.1/catalog/datasets/quartiers-du-monitoring-des-quartiers-ibsa-perspective-rbc/exports/csv,2026-07-01T13:02:47+00:00
https://databrussels.be/id/monitoringdistrict/63,HEYSEL,Bruxelles,ibsa,https://opendata.brussels.be/api/explore/v2.1/catalog/datasets/quartiers-du-monitoring-des-quartiers-ibsa-perspective-rbc/exports/csv,2026-07-01T13:02:47+00:00
https://databrussels.be/id/monitoringdistrict/64,HOUBA,Bruxelles,ibsa,https://opendata.brussels.be/api/explore/v2.1/catalog/datasets/quartiers-du-monitoring-des-quartiers-ibsa-perspective-rbc/exports/csv,2026-07-01T13:02:47+00:00
https://databrussels.be/id/monitoringdistrict/65,QUARTIER MARITIME,Bruxelles,ibsa,https://opendata.brussels.be/api/explore/v2.1/catalog/datasets/quartiers-du-monitoring-des-quartiers-ibsa-perspective-rbc/exports/csv,2026-07-01T13:02:47+00:00
https://databrussels.be/id/monitoringdistrict/66,VIEUX LAEKEN EST,Bruxelles,ibsa,https://opendata.brussels.be/api/explore/v2.1/catalog/datasets/quartiers-du-monitoring-des-quartiers-ibsa-perspective-rbc/exports/csv,2026-07-01T13:02:47+00:00
https://databrussels.be/id/monitoringdistrict/67,PARC DE LA WOLUWE,Saint-Josse-ten-Noode,ibsa,https://opendata.brussels.be/api/explore/v2.1/catalog/datasets/quartiers-du-monitoring-des-quartiers-ibsa-perspective-rbc/exports/csv,2026-07-01T13:02:47+00:00
https://databrussels.be/id/monitoringdistrict/68,AVENUE LEOPOLD III,Schaerbeek,ibsa,https://opendata.brussels.be/api/explore/v2.1/catalog/datasets/quartiers-du-monitoring-des-quartiers-ibsa-perspective-rbc/exports/csv,2026-07-01T13:02:47+00:00
https://databrussels.be/id/monitoringdistrict/69,PADUWA,Schaerbeek,ibsa,https://opendata.brussels.be/api/explore/v2.1/catalog/datasets/quartiers-du-monitoring-des-quartiers-ibsa-perspective-rbc/exports/csv,2026-07-01T13:02:47+00:00
https://databrussels.be/id/monitoringdistrict/7,ANNEESSENS,Bruxelles,ibsa,https://opendata.brussels.be/api/explore/v2.1/catalog/datasets/quartiers-du-monitoring-des-quartiers-ibsa-perspective-rbc/exports/csv,2026-07-01T13:02:47+00:00
https://databrussels.be/id/monitoringdistrict/70,INDUSTRIE NORD,Bruxelles,ibsa,https://opendata.brussels.be/api/explore/v2.1/catalog/datasets/quartiers-du-monitoring-des-quartiers-ibsa-perspective-rbc/exports/csv,2026-07-01T13:02:47+00:00
https://databrussels.be/id/monitoringdistrict/71,BERCHEM SAINTE-AGATHE CENTRE,Anderlecht,ibsa,https://opendata.brussels.be/api/explore/v2.1/catalog/datasets/quartiers-du-monitoring-des-quartiers-ibsa-perspective-rbc/exports/csv,2026-07-01T13:02:47+00:00
https://databrussels.be/id/monitoringdistrict/72,GANSHOREN CENTRE,Molenbeek-Saint-Jean,ibsa,https://opendata.brussels.be/api/explore/v2.1/catalog/datasets/quartiers-du-monitoring-des-quartiers-ibsa-perspective-rbc/exports/csv,2026-07-01T13:02:47+00:00
https://databrussels.be/id/monitoringdistrict/73,DUCHESSE,Molenbeek-Saint-Jean,ibsa,https://opendata.brussels.be/api/explore/v2.1/catalog/datasets/quartiers-du-monitoring-des-quartiers-ibsa-perspective-rbc/exports/csv,2026-07-01T13:02:47+00:00
https://databrussels.be/id/monitoringdistrict/74,MACHTENS,Molenbeek-Saint-Jean,ibsa,https://opendata.brussels.be/api/explore/v2.1/catalog/datasets/quartiers-du-monitoring-des-quartiers-ibsa-perspective-rbc/exports/csv,2026-07-01T13:02:47+00:00
https://databrussels.be/id/monitoringdistrict/75,INDUSTRIE BIRMINGHAM,Anderlecht,ibsa,https://opendata.brussels.be/api/explore/v2.1/catalog/datasets/quartiers-du-monitoring-des-quartiers-ibsa-perspective-rbc/exports/csv,2026-07-01T13:02:47+00:00
https://databrussels.be/id/monitoringdistrict/76,SCHEUTBOS,Molenbeek-Saint-Jean,ibsa,https://opendata.brussels.be/api/explore/v2.1/catalog/datasets/quartiers-du-monitoring-des-quartiers-ibsa-perspective-rbc/exports/csv,2026-07-01T13:02:47+00:00
https://databrussels.be/id/monitoringdistrict/77,CUREGHEM ROSEE,Anderlecht,ibsa,https://opendata.brussels.be/api/explore/v2.1/catalog/datasets/quartiers-du-monitoring-des-quartiers-ibsa-perspective-rbc/exports/csv,2026-07-01T13:02:47+00:00
https://databrussels.be/id/monitoringdistrict/78,SCHEUT,Anderlecht,ibsa,https://opendata.brussels.be/api/explore/v2.1/catalog/datasets/quartiers-du-monitoring-des-quartiers-ibsa-perspective-rbc/exports/csv,2026-07-01T13:02:47+00:00
https://databrussels.be/id/monitoringdistrict/79,MOORTEBEEK - PETERBOS,Anderlecht,ibsa,https://opendata.brussels.be/api/explore/v2.1/catalog/datasets/quartiers-du-monitoring-des-quartiers-ibsa-perspective-rbc/exports/csv,2026-07-01T13:02:47+00:00
https://databrussels.be/id/monitoringdistrict/8,PARC LEOPOLD,Bruxelles,ibsa,https://opendata.brussels.be/api/explore/v2.1/catalog/datasets/quartiers-du-monitoring-des-quartiers-ibsa-perspective-rbc/exports/csv,2026-07-01T13:02:47+00:00
https://databrussels.be/id/monitoringdistrict/80,INDUSTRIE OTAN,Bruxelles,ibsa,https://opendata.brussels.be/api/explore/v2.1/catalog/datasets/quartiers-du-monitoring-des-quartiers-ibsa-perspective-rbc/exports/csv,2026-07-01T13:02:47+00:00
https://databrussels.be/id/monitoringdistrict/81,BASILIQUE,Molenbeek-Saint-Jean,ibsa,https://opendata.brussels.be/api/explore/v2.1/catalog/datasets/quartiers-du-monitoring-des-quartiers-ibsa-perspective-rbc/exports/csv,2026-07-01T13:02:47+00:00
https://databrussels.be/id/monitoringdistrict/82,PAIX,Schaerbeek,ibsa,https://opendata.brussels.be/api/explore/v2.1/catalog/datasets/quartiers-du-monitoring-des-quartiers-ibsa-perspective-rbc/exports/csv,2026-07-01T13:02:47+00:00
https://databrussels.be/id/monitoringdistrict/83,SABLON,Bruxelles,ibsa,https://opendata.brussels.be/api/explore/v2.1/catalog/datasets/quartiers-du-monitoring-des-quartiers-ibsa-perspective-rbc/exports/csv,2026-07-01T13:02:47+00:00
https://databrussels.be/id/monitoringdistrict/84,MATONGE,Ixelles,ibsa,https://opendata.brussels.be/api/explore/v2.1/catalog/datasets/quartiers-du-monitoring-des-quartiers-ibsa-perspective-rbc/exports/csv,2026-07-01T13:02:47+00:00
https://databrussels.be/id/monitoringdistrict/85,VEEWEYDE - AURORE,Anderlecht,ibsa,https://opendata.brussels.be/api/explore/v2.1/catalog/datasets/quartiers-du-monitoring-des-quartiers-ibsa-perspective-rbc/exports/csv,2026-07-01T13:02:47+00:00
https://databrussels.be/id/monitoringdistrict/86,ANDERLECHT CENTRE - WAYEZ,Anderlecht,ibsa,https://opendata.brussels.be/api/explore/v2.1/catalog/datasets/quartiers-du-monitoring-des-quartiers-ibsa-perspective-rbc/exports/csv,2026-07-01T13:02:47+00:00
https://databrussels.be/id/monitoringdistrict/87,PUTDAAL,Saint-Josse-ten-Noode,ibsa,https://opendata.brussels.be/api/explore/v2.1/catalog/datasets/quartiers-du-monitoring-des-quartiers-ibsa-perspective-rbc/exports/csv,2026-07-01T13:02:47+00:00
https://databrussels.be/id/monitoringdistrict/88,DIEWEG,Uccle,ibsa,https://opendata.brussels.be/api/explore/v2.1/catalog/datasets/quartiers-du-monitoring-des-quartiers-ibsa-perspective-rbc/exports/csv,2026-07-01T13:02:47+00:00
https://databrussels.be/id/monitoringdistrict/89,BIZET - ROUE - CERIA,Anderlecht,ibsa,https://opendata.brussels.be/api/explore/v2.1/catalog/datasets/quartiers-du-monitoring-des-quartiers-ibsa-perspective-rbc/exports/csv,2026-07-01T13:02:47+00:00
https://databrussels.be/id/monitoringdistrict/9,FORET DE SOIGNES,Ixelles,ibsa,https://opendata.brussels.be/api/explore/v2.1/catalog/datasets/quartiers-du-monitoring-des-quartiers-ibsa-perspective-rbc/exports/csv,2026-07-01T13:02:47+00:00
https://databrussels.be/id/monitoringdistrict/90,VOGELENZANG - ERASME,Anderlecht,ibsa,https://opendata.brussels.be/api/explore/v2.1/catalog/datasets/quartiers-du-monitoring-des-quartiers-ibsa-perspective-rbc/exports/csv,2026-07-01T13:02:47+00:00
https://databrussels.be/id/monitoringdistrict/91,ETANGS D'IXELLES,Bruxelles,ibsa,https://opendata.brussels.be/api/explore/v2.1/catalog/datasets/quartiers-du-monitoring-des-quartiers-ibsa-perspective-rbc/exports/csv,2026-07-01T13:02:47+00:00
https://databrussels.be/id/monitoringdistrict/92,CHATELAIN,Ixelles,ibsa,https://opendata.brussels.be/api/explore/v2.1/catalog/datasets/quartiers-du-monitoring-des-quartiers-ibsa-perspective-rbc/exports/csv,2026-07-01T13:02:47+00:00
https://databrussels.be/id/monitoringdistrict/93,ALTITUDE 100,Uccle,ibsa,https://opendata.brussels.be/api/explore/v2.1/catalog/datasets/quartiers-du-monitoring-des-quartiers-ibsa-perspective-rbc/exports/csv,2026-07-01T13:02:47+00:00
https://databrussels.be/id/monitoringdistrict/94,VAN VOLXEM - VAN HAELEN,Uccle,ibsa,https://opendata.brussels.be/api/explore/v2.1/catalog/datasets/quartiers-du-monitoring-des-quartiers-ibsa-perspective-rbc/exports/csv,2026-07-01T13:02:47+00:00
https://databrussels.be/id/monitoringdistrict/95,PARC DUDEN - PARC DE FOREST,Uccle,ibsa,https://opendata.brussels.be/api/explore/v2.1/catalog/datasets/quartiers-du-monitoring-des-quartiers-ibsa-perspective-rbc/exports/csv,2026-07-01T13:02:47+00:00
https://databrussels.be/id/monitoringdistrict/96,GARE JOSAPHAT,Schaerbeek,ibsa,https://opendata.brussels.be/api/explore/v2.1/catalog/datasets/quartiers-du-monitoring-des-quartiers-ibsa-perspective-rbc/exports/csv,2026-07-01T13:02:47+00:00
https://databrussels.be/id/monitoringdistrict/97,QUARTIER NORD,Schaerbeek,ibsa,https://opendata.brussels.be/api/explore/v2.1/catalog/datasets/quartiers-du-monitoring-des-quartiers-ibsa-perspective-rbc/exports/csv,2026-07-01T13:02:47+00:00
https://databrussels.be/id/monitoringdistrict/98,QUARTIER BRABANT,Schaerbeek,ibsa,https://opendata.brussels.be/api/explore/v2.1/catalog/datasets/quartiers-du-monitoring-des-quartiers-ibsa-perspective-rbc/exports/csv,2026-07-01T13:02:47+00:00
https://databrussels.be/id/monitoringdistrict/99,BOTANIQUE,Saint-Josse-ten-Noode,ibsa,https://opendata.brussels.be/api/explore/v2.1/catalog/datasets/quartiers-du-monitoring-des-quartiers-ibsa-perspective-rbc/exports/csv,2026-07-01T13:02:47+00:00
